geoData,obj_type
POINT (55.740556 37.476389),boiler
POINT (55.773297 37.572058),boiler
POINT (55.616338 37.651764),boiler
POINT (55.717665 37.861457),boiler
